param_name,param_value,standard,protocol,pdr_mean,pdr_ci95,avg_latency_mean,avg_latency_ci95,median_latency_mean,median_latency_ci95,energy_per_msg_mJ_mean,energy_per_msg_mJ_ci95,avg_hops_mean,avg_hops_ci95,avg_hops_relayed_mean,avg_hops_relayed_ci95,direct_deliveries_mean,direct_deliveries_ci95,relayed_deliveries_mean,relayed_deliveries_ci95,direct_delivery_ratio_mean,direct_delivery_ratio_ci95,total_delivered_mean,total_delivered_ci95,spray_events_mean,spray_events_ci95,focus_events_mean,focus_events_ci95,overhead_factor_mean,overhead_factor_ci95,sink_flight_energy_kJ_mean,sink_flight_energy_kJ_ci95,total_system_energy_kJ_mean,total_system_energy_kJ_ci95
WIFI_MAX_RATE,54000000.0,54 Mbps (802.11a/g),MQTT Baseline QoS0,15.1228,0.1902,21.5624,1.1079,14.265,0.7313,0.2464,0.0,0.0,0.0,0.0,0.0,0.0,0.0,0.0,0.0,0.0,0.0,9081.7,116.3289,0.0,0.0,0.0,0.0,1.0,0.0,240.5131,0.0,1443.0811,0.0
WIFI_MAX_RATE,54000000.0,54 Mbps (802.11a/g),MQTT Baseline QoS1,49.8843,0.5059,32.3871,0.7016,26.98,0.4817,0.5308,0.0014,0.0,0.0,0.0,0.0,0.0,0.0,0.0,0.0,0.0,0.0,29939.9,337.6045,0.0,0.0,0.0,0.0,1.0,0.0,240.5131,0.0,1443.0948,0.0002
WIFI_MAX_RATE,54000000.0,54 Mbps (802.11a/g),MQTT S&F QoS0,15.077,0.1897,11.0216,0.3814,8.27,0.3638,1.3542,0.0927,0.7373,0.0156,1.4069,0.027,4303.3,71.6823,4741.8,102.4508,47.5829,0.7179,9045.1,118.1954,12840.2,330.4072,284.4,75.9572,2.4509,0.0332,534.9053,0.0,3209.444,0.0009
WIFI_MAX_RATE,54000000.0,54 Mbps (802.11a/g),MQTT S&F QoS1,51.8226,0.6626,21.8141,0.4608,20.16,0.4113,1.2639,0.0564,0.7293,0.024,1.4183,0.0297,15122.5,455.4105,16001.5,382.2515,48.5801,1.1948,31124.0,395.6729,43061.0,1471.496,880.5,244.7642,2.4125,0.0561,534.9053,0.0,3209.4711,0.0016
WIFI_MAX_RATE,54000000.0,54 Mbps (802.11a/g),Vanilla DDS BE,15.0842,0.1239,20.4906,0.5819,13.5809,0.2992,0.2656,0.0,0.0,0.0,0.0,0.0,0.0,0.0,0.0,0.0,0.0,0.0,9055.0,87.4423,0.0,0.0,0.0,0.0,1.0,0.0,240.5131,0.0,1443.0789,0.0
WIFI_MAX_RATE,54000000.0,54 Mbps (802.11a/g),Vanilla DDS Rel,49.9596,0.593,33.0726,0.7697,27.2207,0.5025,0.2656,0.0,0.0,0.0,0.0,0.0,0.0,0.0,0.0,0.0,0.0,0.0,29973.7,355.3731,0.0,0.0,0.0,0.0,1.0,0.0,240.5131,0.0,1443.0789,0.0
WIFI_MAX_RATE,54000000.0,54 Mbps (802.11a/g),DDS S&F BE,15.2199,0.1875,10.7881,0.366,8.05,0.3082,1.3435,0.0951,0.7364,0.0232,1.4192,0.025,4388.8,127.6954,4733.8,145.4734,48.115,1.3525,9122.6,117.2333,12718.4,434.4726,271.0,35.7595,2.4232,0.0337,534.9053,0.0,3209.444,0.001
WIFI_MAX_RATE,54000000.0,54 Mbps (802.11a/g),DDS S&F Rel,51.1815,0.3897,21.9889,0.4215,20.13,0.2647,0.8904,0.0401,0.7253,0.0228,1.3803,0.0243,14585.0,297.1424,16132.9,309.7914,47.481,0.9239,30717.9,211.0957,42786.7,1038.1179,799.5,133.699,2.4189,0.0339,534.9053,0.0,3209.4591,0.0012
WIFI_MAX_RATE,600000000.0,600 Mbps (802.11n),MQTT Baseline QoS0,15.0116,0.2187,21.5509,1.0243,13.85,0.4768,0.2464,0.0,0.0,0.0,0.0,0.0,0.0,0.0,0.0,0.0,0.0,0.0,8995.7,130.242,0.0,0.0,0.0,0.0,1.0,0.0,240.5131,0.0,1443.0811,0.0
WIFI_MAX_RATE,600000000.0,600 Mbps (802.11n),MQTT Baseline QoS1,50.0508,0.6648,32.356,1.0177,26.76,0.6638,0.5301,0.002,0.0,0.0,0.0,0.0,0.0,0.0,0.0,0.0,0.0,0.0,30013.2,389.6873,0.0,0.0,0.0,0.0,1.0,0.0,240.5131,0.0,1443.0948,0.0002
WIFI_MAX_RATE,600000000.0,600 Mbps (802.11n),MQTT S&F QoS0,15.2769,0.1983,10.7496,0.3447,8.03,0.2952,1.426,0.1039,0.7492,0.0252,1.4317,0.0239,4378.5,144.6768,4800.5,116.8131,47.6898,1.2741,9179.0,120.9676,13402.4,354.5492,345.1,47.6982,2.4978,0.0362,534.9053,0.0,3209.4448,0.0009
WIFI_MAX_RATE,600000000.0,600 Mbps (802.11n),MQTT S&F QoS1,52.2341,0.8235,21.9486,0.4641,20.22,0.4067,1.2731,0.0213,0.7382,0.0232,1.4064,0.0204,14915.2,576.3082,16461.0,385.8924,47.5137,1.3914,31376.2,450.9098,44011.1,1025.7299,982.5,207.5043,2.4341,0.028,534.9053,0.0,3209.4717,0.0009
WIFI_MAX_RATE,600000000.0,600 Mbps (802.11n),Vanilla DDS BE,15.1409,0.2877,21.158,0.8791,14.2305,0.5716,0.2656,0.0,0.0,0.0,0.0,0.0,0.0,0.0,0.0,0.0,0.0,0.0,9081.5,165.3814,0.0,0.0,0.0,0.0,1.0,0.0,240.5131,0.0,1443.0789,0.0
WIFI_MAX_RATE,600000000.0,600 Mbps (802.11n),Vanilla DDS Rel,50.004,0.6744,32.0095,0.6023,26.3308,0.4132,0.2656,0.0,0.0,0.0,0.0,0.0,0.0,0.0,0.0,0.0,0.0,0.0,30007.9,409.9728,0.0,0.0,0.0,0.0,1.0,0.0,240.5131,0.0,1443.0789,0.0
WIFI_MAX_RATE,600000000.0,600 Mbps (802.11n),DDS S&F BE,15.1528,0.2242,10.9454,0.4519,8.115,0.4314,1.4216,0.0986,0.7568,0.0157,1.4247,0.0205,4259.4,129.8347,4828.7,121.7713,46.8636,1.1628,9088.1,137.9862,13159.1,302.9411,293.0,42.2874,2.4807,0.0349,534.9053,0.0,3209.4447,0.0008
WIFI_MAX_RATE,600000000.0,600 Mbps (802.11n),DDS S&F Rel,51.7676,0.5106,21.9404,0.5246,20.06,0.5468,0.8936,0.0294,0.7342,0.0181,1.4081,0.0312,14886.2,303.6878,16218.6,237.9637,47.8537,0.732,31104.8,298.4542,42294.8,1227.0322,741.6,187.8508,2.3834,0.038,534.9053,0.0,3209.4596,0.0009
WIFI_MAX_RATE,3500000000.0,3.5 Gbps (802.11ac),MQTT Baseline QoS0,14.9733,0.2327,22.4378,1.1291,14.36,0.5918,0.2464,0.0,0.0,0.0,0.0,0.0,0.0,0.0,0.0,0.0,0.0,0.0,8995.3,135.1342,0.0,0.0,0.0,0.0,1.0,0.0,240.5131,0.0,1443.0811,0.0
WIFI_MAX_RATE,3500000000.0,3.5 Gbps (802.11ac),MQTT Baseline QoS1,50.3138,0.775,32.3094,0.9408,26.87,0.5044,0.5301,0.0014,0.0,0.0,0.0,0.0,0.0,0.0,0.0,0.0,0.0,0.0,30185.6,472.1251,0.0,0.0,0.0,0.0,1.0,0.0,240.5131,0.0,1443.0949,0.0003
WIFI_MAX_RATE,3500000000.0,3.5 Gbps (802.11ac),MQTT S&F QoS0,15.2027,0.1911,11.1119,0.3368,8.33,0.3395,1.4069,0.101,0.748,0.0161,1.4231,0.015,4319.4,86.9823,4786.1,108.1485,47.4419,0.8558,9105.5,117.7165,13347.5,500.5937,380.6,59.4341,2.5074,0.0485,534.9053,0.0,3209.4446,0.001
WIFI_MAX_RATE,3500000000.0,3.5 Gbps (802.11ac),MQTT S&F QoS1,51.8852,0.5353,21.3273,0.3272,19.72,0.2948,1.2874,0.0378,0.7343,0.0166,1.4053,0.0332,14838.8,236.4344,16245.5,211.673,47.7353,0.5245,31084.3,312.6364,43974.9,781.8275,966.0,132.9969,2.4461,0.027,534.9053,0.0,3209.4718,0.0008
WIFI_MAX_RATE,3500000000.0,3.5 Gbps (802.11ac),Vanilla DDS BE,15.2235,0.1735,20.6887,0.653,13.6506,0.4742,0.2656,0.0,0.0,0.0,0.0,0.0,0.0,0.0,0.0,0.0,0.0,0.0,9127.2,102.9525,0.0,0.0,0.0,0.0,1.0,0.0,240.5131,0.0,1443.0789,0.0
WIFI_MAX_RATE,3500000000.0,3.5 Gbps (802.11ac),Vanilla DDS Rel,50.1625,0.6938,33.1394,0.8555,27.5008,0.3591,0.2656,0.0,0.0,0.0,0.0,0.0,0.0,0.0,0.0,0.0,0.0,0.0,30122.8,442.8326,0.0,0.0,0.0,0.0,1.0,0.0,240.5131,0.0,1443.0789,0.0
WIFI_MAX_RATE,3500000000.0,3.5 Gbps (802.11ac),DDS S&F BE,15.3478,0.2175,10.7096,0.3371,7.88,0.36,1.5058,0.1006,0.7295,0.0247,1.3985,0.0311,4406.6,61.4357,4806.2,149.0808,47.8553,0.9862,9212.8,128.9518,13294.9,480.0845,324.0,70.8492,2.4773,0.0364,534.9053,0.0,3209.4457,0.0011
WIFI_MAX_RATE,3500000000.0,3.5 Gbps (802.11ac),DDS S&F Rel,51.6484,0.6277,22.2838,0.4274,20.43,0.2952,0.8965,0.0347,0.7388,0.0236,1.4148,0.0224,14800.5,417.4508,16173.8,468.6731,47.7884,1.3305,30974.3,340.341,43031.0,924.4271,902.3,195.1539,2.4186,0.0327,534.9053,0.0,3209.4595,0.001
WIFI_MAX_RATE,9600000000.0,9.6 Gbps (802.11ax),MQTT Baseline QoS0,15.2778,0.1847,22.41,1.2277,14.485,0.6698,0.2464,0.0,0.0,0.0,0.0,0.0,0.0,0.0,0.0,0.0,0.0,0.0,9165.9,108.6713,0.0,0.0,0.0,0.0,1.0,0.0,240.5131,0.0,1443.0812,0.0
WIFI_MAX_RATE,9600000000.0,9.6 Gbps (802.11ax),MQTT Baseline QoS1,50.0292,0.545,32.0597,0.4641,26.62,0.3198,0.5289,0.0014,0.0,0.0,0.0,0.0,0.0,0.0,0.0,0.0,0.0,0.0,30040.2,305.229,0.0,0.0,0.0,0.0,1.0,0.0,240.5131,0.0,1443.0948,0.0002
WIFI_MAX_RATE,9600000000.0,9.6 Gbps (802.11ax),MQTT S&F QoS0,15.0764,0.2314,10.812,0.4272,7.88,0.3089,1.3454,0.0949,0.7467,0.0232,1.4125,0.0182,4265.6,127.2935,4783.4,148.4623,47.1451,1.333,9049.0,127.9967,13100.9,452.5218,304.7,58.9769,2.4813,0.0429,534.9053,0.0,3209.4439,0.0008
WIFI_MAX_RATE,9600000000.0,9.6 Gbps (802.11ax),MQTT S&F QoS1,51.5342,0.6341,21.803,0.3556,20.05,0.276,1.2956,0.0464,0.7424,0.0197,1.4079,0.0122,14614.9,484.4401,16297.7,411.9477,47.2695,1.3645,30912.6,335.1717,43930.0,1413.782,992.8,242.3533,2.4532,0.0451,534.9053,0.0,3209.4718,0.0014
WIFI_MAX_RATE,9600000000.0,9.6 Gbps (802.11ax),Vanilla DDS BE,15.3501,0.149,20.7169,0.851,13.9507,0.5847,0.2656,0.0,0.0,0.0,0.0,0.0,0.0,0.0,0.0,0.0,0.0,0.0,9217.6,82.3237,0.0,0.0,0.0,0.0,1.0,0.0,240.5131,0.0,1443.0789,0.0
WIFI_MAX_RATE,9600000000.0,9.6 Gbps (802.11ax),Vanilla DDS Rel,50.062,0.6259,32.8767,0.5052,27.2507,0.5038,0.2656,0.0,0.0,0.0,0.0,0.0,0.0,0.0,0.0,0.0,0.0,0.0,30063.2,357.0959,0.0,0.0,0.0,0.0,1.0,0.0,240.5131,0.0,1443.0789,0.0
WIFI_MAX_RATE,9600000000.0,9.6 Gbps (802.11ax),DDS S&F BE,15.2003,0.207,10.9274,0.3442,8.06,0.2968,1.3631,0.0898,0.738,0.0185,1.4051,0.0284,4327.0,77.7615,4788.4,106.2382,47.4757,0.7398,9115.4,127.7624,13197.9,360.0657,318.9,58.8315,2.483,0.0393,534.9053,0.0,3209.4442,0.0008
WIFI_MAX_RATE,9600000000.0,9.6 Gbps (802.11ax),DDS S&F Rel,51.7536,0.5956,22.3224,0.405,20.41,0.3792,0.8925,0.0397,0.7287,0.0099,1.3768,0.015,14616.8,418.8401,16433.1,222.0094,47.0586,0.9259,31049.9,369.8658,42805.6,760.4217,912.1,172.393,2.4079,0.0203,534.9053,0.0,3209.4595,0.0013
WIFI_MAX_RATE,46000000000.0,46 Gbps (802.11be),MQTT Baseline QoS0,15.0993,0.2606,22.1909,1.2226,14.67,0.5536,0.2464,0.0,0.0,0.0,0.0,0.0,0.0,0.0,0.0,0.0,0.0,0.0,9040.2,158.2639,0.0,0.0,0.0,0.0,1.0,0.0,240.5131,0.0,1443.0811,0.0
WIFI_MAX_RATE,46000000000.0,46 Gbps (802.11be),MQTT Baseline QoS1,50.0203,0.763,32.1649,0.8526,26.71,0.5825,0.5294,0.0013,0.0,0.0,0.0,0.0,0.0,0.0,0.0,0.0,0.0,0.0,30028.5,432.6317,0.0,0.0,0.0,0.0,1.0,0.0,240.5131,0.0,1443.0948,0.0002
WIFI_MAX_RATE,46000000000.0,46 Gbps (802.11be),MQTT S&F QoS0,15.1804,0.2356,10.5644,0.306,7.87,0.2742,1.3253,0.067,0.7326,0.0213,1.4152,0.0345,4397.7,90.0975,4719.1,90.5,48.2368,0.6896,9116.8,131.0824,12945.3,234.4393,329.9,58.0603,2.4565,0.0225,534.9053,0.0,3209.4438,0.0006
WIFI_MAX_RATE,46000000000.0,46 Gbps (802.11be),MQTT S&F QoS1,51.7882,0.6741,21.9017,0.3045,20.19,0.229,1.2792,0.0276,0.7484,0.0235,1.4109,0.0265,14573.2,410.3968,16457.0,412.2686,46.9638,1.1531,31030.2,413.7483,44001.7,1057.3726,922.4,115.8974,2.4481,0.0372,534.9053,0.0,3209.4715,0.001
WIFI_MAX_RATE,46000000000.0,46 Gbps (802.11be),Vanilla DDS BE,15.1777,0.2753,21.7274,0.6996,14.5006,0.4555,0.2656,0.0,0.0,0.0,0.0,0.0,0.0,0.0,0.0,0.0,0.0,0.0,9104.0,169.4324,0.0,0.0,0.0,0.0,1.0,0.0,240.5131,0.0,1443.0789,0.0
WIFI_MAX_RATE,46000000000.0,46 Gbps (802.11be),Vanilla DDS Rel,50.0776,0.3914,32.7381,0.8659,26.9609,0.5757,0.2656,0.0,0.0,0.0,0.0,0.0,0.0,0.0,0.0,0.0,0.0,0.0,29988.8,270.846,0.0,0.0,0.0,0.0,1.0,0.0,240.5131,0.0,1443.0789,0.0
WIFI_MAX_RATE,46000000000.0,46 Gbps (802.11be),DDS S&F BE,15.249,0.1627,10.504,0.6287,7.71,0.476,1.3823,0.0947,0.7466,0.0231,1.4342,0.0296,4388.3,118.012,4766.1,131.6574,47.9406,1.2368,9154.4,103.1432,13010.4,421.649,328.3,74.4015,2.457,0.0482,534.9053,0.0,3209.4444,0.0009
WIFI_MAX_RATE,46000000000.0,46 Gbps (802.11be),DDS S&F Rel,51.4347,0.4528,21.7971,0.3769,20.06,0.3755,0.9296,0.0252,0.7545,0.0215,1.4282,0.0225,14551.5,416.8769,16290.4,382.8222,47.1769,1.1935,30841.9,301.805,43078.0,973.7277,1037.7,111.6164,2.4306,0.0314,534.9053,0.0,3209.4604,0.0006
